Screenshot_2024-01-07-01-23-17-911_com.miui.videoplayer.jpg,chance,prison,move,hat,chest,card,car,start
Screenshot_2024-01-07-01-23-11-105_com.miui.videoplayer.jpg,hat,chest,move,card,prison,start,chance,car
Screenshot_2024-01-07-01-23-03-705_com.miui.videoplayer.jpg,hat,move,prison,start,chest,car,card,chance
Screenshot_2024-01-07-01-22-54-843_com.miui.videoplayer.jpg,hat,move,prison,car,chest,cardR,chance,card,start,bank
Screenshot_2024-01-07-01-22-52-727_com.miui.videoplayer.jpg,hat,start,prison,card,chance,chest,car,move
Screenshot_2024-01-07-01-22-43-066_com.miui.videoplayer.jpg,hat,start,card,chest,move,car,prison,chance
Screenshot_2024-01-07-01-22-39-707_com.miui.videoplayer.jpg,hat,car,chest,move,card,start,prison,chance
Screenshot_2024-01-07-01-22-20-651_com.miui.videoplayer.jpg,hat,prison,chance,chest,move,car,card,start
Screenshot_2024-01-07-01-22-16-110_com.miui.videoplayer.jpg,hat,prison,chest,start,move,card,car,chance
Screenshot_2024-01-07-01-21-56-865_com.miui.videoplayer.jpg,hat,move,start,chest,chance,prison,card,car
Screenshot_2024-01-07-01-21-51-455_com.miui.videoplayer.jpg,hat,move,card,chest,car,chance,prison,start
Screenshot_2024-01-07-01-21-21-387_com.miui.videoplayer.jpg,hat,prison,chest,start,move,chance,car,card
Screenshot_2024-01-07-01-21-18-352_com.miui.videoplayer.jpg,hat,chance,start,car,move,chest,card,prison
Screenshot_2024-01-07-01-21-07-613_com.miui.videoplayer.jpg,hat,chance,card,prison,start,move,car,chest
Screenshot_2024-01-07-01-20-52-522_com.miui.videoplayer.jpg,hat,card,chest,start,move,car,prison,chance
Screenshot_2024-01-07-01-20-49-974_com.miui.videoplayer.jpg,hat,card,start,prison,chance,car,move,chest
Screenshot_2024-01-07-01-20-30-744_com.miui.videoplayer.jpg,hat,move,car,chest,card,start,prison,chance
Screenshot_2024-01-07-01-20-26-978_com.miui.videoplayer.jpg,hat,start,prison,car,move,card,chest,chance
Screenshot_2024-01-07-01-20-18-784_com.miui.videoplayer.jpg,hat,move,chance,prison,chest,start,car,card
Screenshot_2024-01-07-01-20-06-043_com.miui.videoplayer.jpg,hat,chest,card,car,move,prison,chance,start
Screenshot_2024-01-07-01-19-24-019_com.miui.videoplayer.jpg,hat,card,chest,start,move,chance,car,prison
Screenshot_2024-01-07-01-19-17-057_com.miui.videoplayer.jpg,hat,chance,start,card,prison,car,move,chest
Screenshot_2024-01-07-01-19-13-631_com.miui.videoplayer.jpg,hat,chance,card,car,start,chest,prison,move
Screenshot_2024-01-07-01-18-55-692_com.miui.videoplayer.jpg,hat,move,chance,chest,card,start,car,prison
Screenshot_2024-01-07-01-18-22-049_com.miui.videoplayer.jpg,hat,card,car,start,prison,chest,cardB,move,chance
Screenshot_2024-01-07-01-18-17-933_com.miui.videoplayer.jpg,hat,car,chest,card,chance,start,move,prison
Screenshot_2024-01-07-01-18-16-050_com.miui.videoplayer.jpg,hat,start,prison,card,car,chest,move,chance
Screenshot_2024-01-07-01-18-12-285_com.miui.videoplayer.jpg,hat,chance,start,card,car,move,chest,prison
Screenshot_2024-01-07-01-18-06-514_com.miui.videoplayer.jpg,hat,move,card,car,chest,prison,start,chance
Screenshot_2024-01-07-01-17-59-686_com.miui.videoplayer.jpg,hat,move,card,chest,car,prison,start,chance
Screenshot_2024-01-07-01-17-52-608_com.miui.videoplayer.jpg,hat,prison,chance,card,chest,start,car,move
Screenshot_2024-01-07-01-17-39-095_com.miui.videoplayer.jpg,hat,car,chance,start,prison,move,card,chest
Screenshot_2024-01-07-01-17-25-727_com.miui.videoplayer.jpg,hat,chance,chest,move,start,car,card,prison
Screenshot_2024-01-07-01-17-09-550_com.miui.videoplayer.jpg,hat,card,prison,move,start,chance,chest,car
Screenshot_2024-01-07-01-17-05-839_com.miui.videoplayer.jpg,hat,move,chance,car,card,start,prison,chest
Screenshot_2024-01-07-01-16-48-682_com.miui.videoplayer.jpg,hat,car,prison,chest,chance,move,card,start
Screenshot_2024-01-07-01-16-45-415_com.miui.videoplayer.jpg,hat,chance,move,card,car,chest,start,prison
Screenshot_2024-01-07-01-16-42-533_com.miui.videoplayer.jpg,hat,chance,prison,chest,card,car,move,start
Screenshot_2024-01-07-01-16-13-199_com.miui.videoplayer.jpg,hat,start,prison,car,chance,chest,move,card
Screenshot_2024-01-07-01-16-03-206_com.miui.videoplayer.jpg,hat,card,start,chance,move,prison,car,chest
Screenshot_2024-01-07-01-15-40-158_com.miui.videoplayer.jpg,hat,card,prison,car,chest,start,chance,move
Screenshot_2024-01-07-01-15-19-970_com.miui.videoplayer.jpg,hat,chest,start,car,prison,chance,move,card
Screenshot_2024-01-07-01-15-14-103_com.miui.videoplayer.jpg,hat,move,chance,prison,start,chest,card,car
