original_id,new_id
slems70,slems1
slems86,slems10
slems99,slems9
sems100,slems14
slems103,slems19
slems105,slems17
slems107,slems16
slems108,slems11
slems109,slems12
slems111,slems2
slems116,slems38
slems117,slems29
slems119,slems18
slems121,slems30
slems124,slems23
slems125,slems31
slems127,slems21
slems130,slems35
slems131,slems41
slems132,slems22
slems135,slems37
slems136,slems46
slems137,slems55
slems138,slems52
slems141,slems50
slems143,slems39
slems144,slems58
slems145,slems57
slems146,slems61
slems147,slems39
slems148,slems43
slems149,slems54
slems153,slems83
slems154,slems69
slems155,slems63
slems156,slems82
slems157,slems85
slems158,slems80
slems159,slems88
slems160,slems77
slems905,slems139
slems908,slems142
