﻿ID_c,gender,SLE_qualify,MS_ qualify,NC_qualify,WML,
slems01,F,1,0,0,0,
slems02,F,1,0,0,1,
slems03,F,1,0,0,,
slems04,F,1,0,0,1,
slems05,F,1,0,0,,
slems06,M,0,1,0,,
slems07,F,1,0,0,0,
slems08,F,1,0,0,0,
slems09,F,1,0,0,1,
slems10,M,1,0,0,1,
slems11,F,1,0,0,0,Zamienione na 108
slems12,F,1,0,0,0,Zamienione na 109
slems13,F,1,0,0,BRAK MR,
slems14,F,1,0,0,0,
slems15,M,0,0,1,kontrola,
slems16,F,1,0,0,0,
slems17,F,0,1,0,MS,
slems18,F,0,1,0,MS,
slems19,F,0,1,0,MS,
slems20,F,0,1,0,MS,
slems21,F,1,0,0,0,
slems22,F,0,1,0,MS,
slems23,F,0,1,0,MS,
slems24,F,0,0,1,kontrola,
slems25,M,0,0,1,kontrola,
slems26,F,0,0,1,kontrola,
slems27,F,0,0,1,kontrola,
slems28,F,1,0,0,0,
slems29,F,0,1,0,MS,
slems30,F,0,1,0,MS,
slems31,F,0,1,0,MS,
slems32,F,0,1,0,MS,
slems33,M,0,0,1,kontrola,
slems34,F,1,0,0,1,
slems35,F,1,0,0,1,
slems36,M,0,1,0,MS,
slems37,F,1,0,0,1,
slems38,F,0,1,0,MS,
slems39,F,0,1,0,MS,
slems40,F,0,1,0,MS,
slems41,F,0,1,0,MS,
slems42,M,0,0,1,kontrola,
slems43,F,0,1,0,MS,
slems44,F,1,0,0,1,
slems45,F,0,0,1,kontrola,
slems46,F,0,1,0,MS,
slems47,M,0,0,1,kontrola,
slems48,F,0,0,1,kontrola,
slems49,F,0,0,1,kontrola,
slems50,F,0,1,0,MS,
slems51,F,1,0,0,1,
slems52,F,0,1,0,MS,
slems53,F,1,0,0,0,
slems54,F,0,1,0,MS,
slems55,M,0,1,0,MS,
slems56,M,0,1,0,MS,
slems57,F,1,0,0,1,
slems58,F,0,1,0,MS,
slems59,F,1,0,0,1,
slems60,F,0,1,0,MS,
slems61,F,0,1,0,MS,
slems62,F,1,0,0,0,
slems63,F,0,1,0,MS,
slems64,F,0,1,0,MS,
slems65,F,0,0,1,kontrola,
slems66,F,0,0,1,kontrola,
slems67,F,0,0,1,kontrola,
slems68,F,0,0,1,kontrola,
slems69,F,0,1,0,MS,
slems70,F,1,0,0,?,
slems71,F,0,0,1,kontrola,
slems72,F,1,0,0,1,
slems73,M,0,0,1,kontrola,
slems74,F,1,0,0,,
slems75,M,0,0,1,kontrola,
slems76,F,0,0,1,kontrola,
slems77,F,0,1,0,MS,
slems78,F,0,1,0,MS,
slems79,F,0,1,0,,
slems80,F,0,1,0,,
slems81,F,1,0,0,,
slems82,F,0,1,0,,
slems83,F,0,1,0,,
slems84,F,0,0,1,,
slems85,F,0,1,0,,
slems86,M,1,0,0,,
slems87,F,0,0,1,,
slems88,F,1,0,0,,
slems89,F,0,0,1,,
slems90,F,0,0,1,,
slems91,F,0,0,1,,
slems92,F,0,0,1,,
slems93,F,0,0,1,,
slems94,F,0,0,1,,
slems95,F,0,1,0,,
slems96,F,1,0,0,,
slems97,F,1,0,0,,
slems98,F,1,0,0,,
slems99,F,1,0,0,,
slems100,F,1,0,0,,
slems101,F,0,0,1,,
slems102,F,0,0,1,,
slems103,F,0,1,0,,
slems104,F,0,1,0,,
slems105,F,0,1,0,,
slems106,F,0,1,0,,
slems107,F,1,0,0,,
slems108,F,1,0,0,,
slems109,F,1,0,0,,
slems110,F,0,0,1,,
slems111,F,1,0,0,,
slems112,F,0,0,1,,
slems113,M,0,0,1,,
slems114,F,0,0,1,,
slems115,M,0,0,1,,
slems116,F,0,1,0,,
slems117,F,0,1,0,,
slems118,F,0,1,0,,
slems119,F,0,1,0,,
slems120,F,0,1,0,,
slems121,F,0,1,0,,
slems122,F,0,0,1,,
slems123,M,0,0,1,,
slems124,F,0,1,0,,
slems125,F,0,1,0,,
slems126,F,0,0,1,,
slems127,F,1,0,0,,
slems128,F,0,1,0,,
slems129,F,1,0,0,,
slems130,F,1,0,0,,
slems131,F,0,1,0,,
slems132,F,0,1,0,,
slems133,F,1,0,0,,
slems134,F,1,0,0,,
slems135,F,1,0,0,,
slems136,F,0,1,0,,
slems137,M,0,1,0,,
slems138,F,0,1,0,,
slems139,F,1,0,0,,
slems140,F,0,1,0,,
slems141,F,0,1,0,,
slems142,F,1,0,0,,
slems143,M,0,1,0,,
slems144,F,0,1,0,,
slems145,F,1,0,0,,
slems146,F,0,1,0,,
slems147,F,0,1,0,,
slems148,F,0,1,0,,
slems149,F,0,1,0,,
slems150,F,0,0,1,,
slems151,M,0,0,1,,
slems152,F,0,1,0,,
slems153,F,0,1,0,,
slems154,F,0,1,0,,
slems155,F,0,1,0,,
slems156,F,0,1,0,,
slems157,F,0,1,0,,
slems158,F,0,1,0,,
slems159,F,1,0,0,,
slems160,F,0,1,0,,
