﻿,,,,,,,,,
slems01,,1,2002,,,,,,
slems02,,1,1998,18,CTX,MTX,"dawka ≤ 7,5mg","dawka ≤ 7,5mg",CQ
slems03,,1,2003,9,CTX,MMF,PULSY ,"dawka ≤ 7,5mg",CQ
slems04,,1,04/2014,1,CTX,MMF,">10,0 ","dawka ≤ 7,5mg",CQ
slems05,,1,2012,2,CTX,0,"dawka ≤ 7,5mg","dawka ≤ 7,5mg",CQ
,,,,,,,,,
slems07,,1,,8,AZA,AZA,PULSY ,"dawka ≤ 7,5mg",HCQ
slems08,,1,,2,MTX,CTX,PULSY ,"dawka 7,5-10mg",HCQ
slems09,,1,,1,MMF,AZA,Nie stosuje,Nie stosuje,HCQ
slems10,,1,,10,AZA,MMF,"dawka 7,5-10mg",Nie stosuje,Nie stosuje
slems11,,1,3 lata temu,,,,,,
slems12,,1,2011,,,,,,
slems13,,1,,,,,,,
slems14,,1,10/2013,,,,,,
slems16,,1,04/2011,,,,,,
slems21,,1,2013,2,NIE,NIE,Nie stosuje,Nie stosuje,CQ
slems28,,1,2012,,,,,,
slems34*,,1,,,,,,,
slems35,,1,,10,MMF,MMF,PULSY ,"dawka ≤ 7,5mg",HCQ
slems37,,1,2010,3,MMF,MMF,"dawka ≤ 7,5mg",Nie stosuje,HCQ
slems44,,1,2003,18,MMF,MMF,"dawka 7,5-10mg","dawka ≤ 7,5mg",CQ
slems51*,,1,2011,3,MMF,MMF,"dawka ≤ 7,5mg","dawka ≤ 7,5mg",HCQ
slems53,,1,2004,,,,,,
slems57,,1,,4,MTX,MTX,"dawka ≤ 7,5mg",Nie stosuje,HCQ
slems59*,,1,1992,,,,,,
slems62*,,1,10/2014,1,AZA,AZA,Nie stosuje,Nie stosuje,CQ
slems72,,1,,4,MTX,MTX,"dawka ≤ 7,5mg","dawka ≤ 7,5mg",CQ
slems81*,,1,2012,2,AZA,AZA,"dawka ≤ 7,5mg",Nie stosuje,CQ
slems88,,1,2008,2,MTX,MTX,Nie stosuje,Nie stosuje,CQ
slems96,,1,,3,NIE,MTX,"dawka ≤ 7,5mg",Nie stosuje,HCQ
slems97*,,1,,5,NIE,MTX,Nie stosuje,Nie stosuje,CQ
slems129*,,1,,14,MTX,CTX,Nie stosuje,PULSY ,CQ
slems133,,1,,3,NIE,AZA,Nie stosuje,Nie stosuje,HCQ
slems134,,1,,,,,,,
slems139*,,1,,,,,,,
slems142*,,1,,2,CTX,MMF,"dawka 7,5-10mg","dawka 7,5-10mg",HCQ
