id,age
slems1,44
slems2,31
slems3,23
slems4,26
slems5,37
slems6,33
slems7,31
slems8,21
slems9,23
slems10,55
slems11,29
slems12,22
slems13,37
slems14,34
slems15,33
slems16,29
slems17,30
slems18,23
slems19,35
slems20,23
slems21,19
slems22,41
slems23,37
slems24,38
slems25,38
slems26,35
slems27,36
slems28,44
slems29,37
slems30,23
slems31,30
slems32,31
slems33,35
slems34*,33
slems35,52
slems36,32
slems37,45
slems38,42
slems39,26
slems40*,23
slems41,32
slems42,34
slems43,22
slems44,42
slems45,35
slems46,30
slems47,30
slems48,23
slems49,24
slems50,33
slems51*,51
slems52,46
slems53,30
slems54,35
slems55,42
slems56,27
slems57,18
slems58,42
slems59*,39
slems60,25
slems61,35
slems62*,29
slems63,38
slems64,25
slems65,20
slems66,24
slems67,24
slems68,47
slems69,34
slems71,22
slems72,48
slems73,22
slems74*,26
slems75,21
slems76,20
slems77,42
slems78,23
slems79*,22
slems80,41
slems81*,29
slems82,24
slems83,41
slems84,22
slems85,44
slems87,23
slems88,23
slems89,22
slems90,21
slems91,21
slems92,54
slems93,22
slems94,22
slems95*,36
slems96,25
slems97*,27
slems98*,31
slems101,24
slems102,24
slems104*,23
slems106*,47
slems110,29
slems112,56
slems113,33
slems114,28
slems115,26
slems118,31
slems120,25
slems122,34
slems123,38
slems126,22
slems128,49
slems129*,54
slems133,51
slems134,30
slems139*,49
slems140*,31
slems142*,38
slems150,22
slems151,22
slems152*,25
slems162,40
