﻿,,Simple Reaction Time SRT,,Simple Reaction Time SRT,,CODE SUBSTITUTION - LEARNING ,,,CODE SUBSTITUTION - LEARNING ,,,PROCEDURAL REACTION TIME,,,PROCEDURAL REACTION TIME,,,MATHEMATICAL PROCESSING,,,MATHEMATICAL PROCESSING,,,MATCHING TO SAMPLE,,,MATCHING TO SAMPLE,,,CODE SUBSTITUTION - DELAYED (,,,CODE SUBSTITUTION - DELAYED (,,,SIMPLE REACTION TIME - R,,SIMPLE REACTION TIME - R,,SPATIAL PROCESSING,,,SPATIAL PROCESSING,,,TOWER PUZZLE (,,,TOWER PUZZLE (,,,TAPPING - RIGHT HAND,,TAPPING - RIGHT HAND,,TAPPING - LEFT HAND,,TAPPING - LEFT HAND,,2-CHOICE REACTION TIME,,,2-CHOICE REACTION TIME,,,RUNNING MEMORY CPT,,,RUNNING MEMORY CPT,,,MATCHING GRIDS,,,MANIKIN (RIGHT/LEFT ORIENTATION,,,MANIKIN (RIGHT/LEFT ORIENTATION,,,SWITCHING (COGNITIVE FLEXIBILITY,,,SWITCHING (COGNITIVE FLEXIBILITY,,,GO/NO-GO (INHIBITION),,,,,,GO/NO-GO (INHIBITION),,,,,,STANDARD CPT (,,,,,,STANDARD CPT (,,,,,
,,,,,,,,,,,,,,,,,,,,,,,,,,,,,,,,,,,,,,,,,,,,,,,,,,,,,,,,,,,,,,,,,,,,,,,,,,,,,,,,,,,,,,,,,,,,,,,,,,,,,,,,,,,,,,
ID,zmiany w MR,Mean_RT_score_SRT,Throughput_score_SRT ,Mean_RT_%ile_SRT,Throughput_%ile_SRT ,Mean_RT_score_CS_learninig,% Correct_score_CS_learning,Throughput_score_CS_learning,Mean_RT_%ile_CS_learninig,% Correct_%ile_CS_learning,Throughput_%ile_CS_learning,Mean_RT_score_PRT,% Correct_score_PRT,Throughput_score_PRT,Mean_RT_%ile_PRT,% Correct_%ile_PRT,Throughput_%ile_PRT,Mean_RT_score_MP,% Correct_score_MP,Throughput_score_MP,Mean_RT_%ile_MP,% Correct_%ile_MP,Throughput_%ile_MP,Mean_RT_score_MTS,% Correct_score_MTS,Throughput_score_MTS,Mean_RT_%ile_MTS,% Correct_%ile_MTS,Throughput_%ile_MTS,Mean RT_score_CS_D,% Correct_score_CS_D,Throughput_score_CS_D,Mean RT_%ile_CS_D,% Correct_%ile_CS_D,Throughput_%ile_CS_D,Mean RT_score_SRT_R,Throughput_score_SRT_R,Mean RT_%ile_SRT_R,Throughput_%ile_SRT_R,Mean RT_score_SP,% Correct_score_SP,Throughput_score_SP,Mean RT_%ile_SP,% Correct_%ile_SP,Throughput_%ile_SP,Mean RT_score_TP,Mean_score_score_TP,Move_ratio_score_TP,Mean RT_%ile_TP,Mean_score_%ile_TP,Move_ratio_%ile_TP,Mean RT_score_Tap_R,Mean taps_score_Tap_R,Mean RT_%ile_Tap_R,Mean taps_%ile_Tap_R,Mean RT_score_tap_L,Mean taps_score_Tap_L,Mean RT_%ile_tap_L,Mean taps_%ile_Tap_L,Mean RT_score_2CHRT,% Correct_score_2CHRT,Throughput_score_2CHRT,Mean RT_%ile_2CHRT,% Correct_%ile_2CHRT,Throughput_%ile_2CHRT,Mean RT_score_RM_CPT,% Correct_score_RM_CPT,Throughput_score_RM_CPT,Mean RT_%ile_RM_CPT,% Correct_%ile_RM_CPT,Throughput_%ile_RM_CPT,Mean RT_score__MAT_GR,% Correct_score_MAT_GR,Throughput_score_MAT_GR,Mean_RT_score_MAN_R/L,% Correct_score_MAN_R/L,Throughput_MAN_R/L,Mean_RT_%ile_MAN_R/L,% Correct_%ile_MAN_R/L,Throughput_%ile_R/L,Mean_RT_score_switching,% Correct_score_switching,Throughput_score_switching,Mean_RT_%ile_switching,% Correct_%ile_switching,Throughput_%ile_switching,Mean_RT_score_GO/NO_GO,% Correct_score_GO/NO_GO,Hits_score_GO/NO_GO,omissions_score_GO/NO_GO,Comissions_score_GO/NO_GO,D`_score_GO/NO_GO,Mean_RT_%ile_GO/NO_GO,% Correct_%ile_GO/NO_GO,Hits_%ile_GO/NO_GO,omissions_%ile_GO/NO_GO,Comissions_%ile_GO/NO_GO,D`_%ile_GO/NO_GO,Mean RT_score_stCPT,% Correct_score_stCPT,Hits_score_stCPT,omissions_score_stCPT,Comissions_score_stCPT,D`_score_stCPT,Mean RT_%ile_stCPT,% Correct_%ile_stCPT,Hits_%ile_stCPT,omissions_%ile_stCPT,Comissions_%ile_stCPT,D`_%ile_stCPT
slems16,0,288,209,27,26,1513,99,39,24,83,25,863,94,65,6,29,7,2976,95,20,29,66,33,2221,95,26,23,69,30,1479,100,41,35,100,52,259,232,52,51,2827,100,21,21,100,26,3295,1592,1.30,21,44,63,170,56,48,36,190,53,48,48,491,98,120,20,69,22,780,98,75,26,75,30,1468,95,38,2276,100,26,30,100,46,2079,98,29,49,89,59,378,95,96,0,6,5,19,65,100,100,56,74,444,100,20,0,0,9,42,100,100,100,100,100
slems21,0,326,184,13,12,1600,99,37,19,83,21,765,100,78,13,100,16,3256,100,18,18,100,27,2080,85,22,30,22,18,1852,83,27,15,31,19,322,186,14,13,2483,100,24,37,100,41,2498,2218,1.00,52,92,96,233,43,8,7,245,41,9,7,467,98,126,30,69,30,723,91,73,36,17,26,2377,100,25,1899,91,26,49,46,43,2747,92,20,18,43,20,357,96,96,0,5,5,28,74,100,100,66,79,529,100,20,0,0,9,8,100,100,100,100,100
slems10,1,306,196,19,18,1727,100,35,14,100,15,697,100,86,21,100,26,3330,85,14,17,16,12,2391,100,25,16,100,28,1828,92,30,15,56,27,290,207,24,23,3298,100,18,8,100,10,3436,1397,1.30,19,30,59,206,48,13,12,224,45,15,14,505,98,117,17,69,17,775,99,77,26,91,32,3095,100,19,2937,94,18,8,60,19,3684,86,14,5,26,4,374,98,96,0,3,5,21,92,100,100,91,92,404,100,20,0,0,9,70,100,100,100,100,100
slems44,1,389,154,5,4,1534,97,38,22,60,22,769,97,74,13,59,11,2547,100,24,47,100,54,2853,100,21,5,100,15,3958,53,8,0,0,0,377,159,6,5,3179,95,18,10,44,10,5688,1132,1.40,4,15,57,238,42,7,6,200,50,34,34,567,100,106,7,100,8,937,95,60,9,45,10,2620,95,22,1764,100,34,15,100,100,2219,98,26,100,100,100,443,97,92,4,0,6,6,85,13,11,100,98,494,100,20,0,0,9,15,100,100,100,100,100
slems53,0,331,181,12,11,1562,97,38,20,60,21,790,100,76,10,100,13,2985,95,19,29,66,32,1962,90,25,36,42,27,1456,81,33,36,24,35,310,193,16,15,2636,100,23,29,100,35,3369,1085,1.80,20,13,12,3679,2,1,0,193,52,45,44,463,100,130,31,100,38,732,95,79,33,45,35,1715,100,35,2062,94,27,43,60,47,2347,98,25,31,89,39,352,98,96,0,3,5,32,92,100,100,91,92,468,100,20,0,0,9,27,100,100,100,100,100
slems34,1,290,207,24,23,1394,97,41,33,60,32,619,88,85,38,10,26,2210,90,25,65,33,59,1279,84,38,85,14,71,1577,83,28,27,31,22,283,212,29,28,2128,100,28,56,100,60,2427,1342,1.70,55,24,18,138,73,92,91,161,62,86,85,431,92,132,44,28,43,770,94,71,27,33,23,1855,95,30,1799,88,29,56,40,53,2071,89,26,50,28,50,351,92,95,1,8,3,33,39,50,44,37,29,424,100,20,0,0,9,56,100,100,100,100,100
slems04,1,308,195,18,17,1501,97,39,25,60,24,713,100,84,18,100,24,4356,95,13,5,66,8,2474,85,19,12,22,10,2123,75,20,9,18,7,327,183,13,12,2726,100,22,24,100,30,3893,1125,1.40,13,14,53,227,45,9,8,239,42,10,10,481,98,121,23,69,23,673,54,56,48,0,6,1906,100,31,647,50,44,100,0,85,2547,72,20,23,6,20,370,91,92,4,7,2,22,27,13,11,46,17,505,100,20,0,0,9,13,100,100,100,100,100
slems 28,0,310,194,17,16,2069,94,26,6,21,4,677,100,89,25,100,30,3353,95,17,17,66,19,3638,70,10,1,4,0,2133,58,16,9,1,2,378,159,6,5,1694,95,33,85,44,80,4897,823,1.50,6,5,42,162,62,62,61,193,52,45,44,460,88,119,31,8,19,877,90,56,13,14,6,2171,100,28,3545,31,6,2,0,0,2980,86,16,10,26,8,430,96,94,2,3,3,8,74,30,26,91,41,485,98,17,3,1,4,19,12,11,12,29,9
slems57,1,315,191,16,15,1413,100,42,32,100,36,756,94,76,14,29,13,3611,85,13,13,16,8,2246,90,22,22,42,16,1515,100,40,33,100,50,320,188,14,13,2281,100,26,46,100,51,2615,2040,1.20,46,84,77,243,42,6,5,184,55,60,60,532,100,113,11,100,14,792,96,72,24,60,25,1809,100,33,2901,75,14,9,16,5,3050,78,15,8,10,5,371,91,93,2,8,2,21,27,20,26,37,18,535,94,10,10,2,2,7,2,1,2,13,2
slems12,0,353,170,9,8,1126,99,53,59,83,62,620,100,97,38,100,44,4005,90,13,8,33,7,1535,80,31,67,13,49,1216,94,47,55,65,60,327,184,13,12,1995,100,30,65,100,68,2238,2090,1.20,64,87,81,170,59,50,49,188,53,53,51,397,100,151,65,100,71,599,92,88,67,24,53,1222,85,41,1269,100,47,85,100,88,2477,95,21,25,49,25,357,96,94,2,3,3,28,74,30,26,91,41,435,100,20,0,0,9,49,100,100,100,100,100
slems129,1,406,148,4,3,1596,99,37,19,83,21,799,94,68,10,29,8,2163,100,28,68,100,74,1737,90,30,49,42,45,2653,81,17,2,24,4,356,168,8,7,2580,95,22,32,44,28,3383,2199,1.00,20,91,98,177,57,40,40,179,56,66,67,614,98,96,4,69,5,1261,62,20,1,1,0,1766,100,34,1349,100,44,82,100,85,2016,98,30,54,89,62,447,97,95,1,3,3,5,85,50,44,91,48,468,100,20,0,0,9,27,100,100,100,100,100
slems51,1,426,87,4,1,1812,94,31,12,21,9,845,81,51,7,5,2,2495,100,24,50,100,56,2693,100,22,7,100,18,2435,67,15,4,7,1,397,151,4,4,2538,90,21,34,18,24,5595,1162,1.10,4,16,88,167,60,53,51,192,52,46,45,557,98,106,8,69,8,866,94,66,14,33,17,3721,95,14,1759,97,33,60,76,64,2254,97,26,37,73,47,511,86,88,8,8,2,2,7,4,3,37,8,513,100,20,0,0,9,12,100,100,100,100,100
slems59,1,327,183,13,12,1466,97,39,27,36,26,784,100,77,11,100,13,2849,95,20,34,66,36,2241,95,25,23,69,28,1777,72,23,17,14,12,431,139,3,3,2800,100,21,22,100,27,3152,1289,1.80,24,22,9,187,54,27,28,182,55,63,63,557,98,106,8,69,9,1014,100,59,4,100,8,2449,95,23,2044,94,28,43,60,49,2648,81,19,20,18,17,393,94,95,1,6,3,15,56,50,44,56,36,481,89,3,17,5,1,21,2,1,2,4,1
slems35,1,327,184,13,12,1321,92,41,40,8,32,742,97,79,15,59,16,1943,100,31,80,100,83,1683,100,36,54,100,64,1295,69,31,47,10,30,308,195,18,17,2364,95,24,44,44,41,3027,1029,1.60,29,10,25,154,65,75,75,153,66,91,90,581,98,102,6,69,6,788,100,76,25,100,31,2784,100,22,1150,6,2,89,0,0,2031,50,17,54,0,9,410,95,93,3,3,3,11,65,20,17,91,38,489,100,20,0,0,9,17,100,100,100,100,100
slems08,0,285,210,28,27,908,100,66,87,100,88,544,97,108,72,59,73,1832,100,33,86,100,89,1248,100,48,86,100,90,836,97,66,89,83,87,286,210,28,27,1461,95,40,95,44,93,2522,1544,1.50,51,41,42,148,68,81,80,194,52,43,42,393,98,150,68,69,70,502,100,120,89,100,92,925,95,62,1304,100,46,84,100,86,1424,97,41,94,73,93,306,95,96,0,6,5,69,65,100,100,56,74,0,87,0,20,6,-2,100,1,0,0,3,0
slems37,1,556,108,2,1,1814,100,33,12,100,13,683,100,88,25,100,29,2485,100,24,50,100,56,2415,90,22,16,42,16,1956,69,20,12,10,7,332,181,12,11,2643,90,18,29,18,10,5796,1046,1.60,4,11,27,4977,2,1,0,207,48,27,26,572,92,53,6,13,0,695,100,86,42,100,49,2416,100,25,0,0,0,100,0,0,2290,100,26,35,100,50,404,97,96,0,4,5,13,85,100,100,79,86,504,100,20,0,0,9,13,100,100,100,100,100
slems14,0,308,195,18,17,1158,100,52,56,100,58,762,100,79,13,100,16,1914,60,19,81,0,30,1716,85,29,51,22,41,1151,94,48,60,65,61,326,184,13,12,2091,95,28,59,44,58,2387,2152,1.20,57,89,83,184,55,31,31,176,57,69,67,596,95,96,5,44,5,850,89,57,16,10,7,2350,100,26,3040,44,9,6,0,0,2994,81,16,10,18,8,408,93,92,4,4,3,12,46,13,11,79,27,503,100,19,1,0,6,13,42,26,27,100,26
slems09,1,316,190,16,15,1655,99,36,15,83,17,793,100,76,10,100,13,2997,95,19,29,66,32,3124,90,18,4,42,7,1931,72,20,12,14,6,297,202,21,20,3612,100,17,7,100,8,4095,923,2.00,11,8,5,203,50,15,15,227,44,13,13,544,98,109,10,69,11,1116,52,16,2,0,0,3190,95,18,1889,100,32,50,100,61,2355,98,25,31,89,42,369,86,84,8,4,2,22,7,2,3,79,13,488,100,19,1,0,6,19,42,26,27,100,26
slems05,0,477,126,2,2,1832,97,32,12,60,11,834,100,72,7,100,9,2375,95,24,55,66,56,2567,70,10,10,4,0,1941,86,23,12,37,11,399,150,4,3,2514,100,24,36,100,39,5024,1354,1.40,6,25,50,211,48,12,11,219,46,18,16,658,98,89,2,69,2,796,99,75,23,91,29,2163,100,28,2626,91,21,19,46,28,2298,97,25,34,73,42,422,92,92,4,6,2,9,33,13,11,56,22,666,100,20,0,0,9,1,100,100,100,100,100
slems 11,0,257,233,53,52,1094,100,55,65,100,67,534,100,112,77,100,83,1617,100,37,96,100,96,2293,100,26,20,100,31,1052,92,51,71,56,67,275,218,36,35,2786,100,22,22,100,27,2235,1990,1.30,64,79,63,160,63,66,66,166,60,81,80,415,98,142,53,69,57,665,99,89,50,91,56,2185,100,27,1490,97,39,73,76,76,1744,98,34,73,89,81,354,97,96,0,4,5,29,85,100,100,79,86,465,100,20,0,0,9,29,100,100,100,100,100
slems96,0,280,214,31,30,1015,100,59,72,100,76,550,97,106,69,59,67,2756,100,22,38,100,45,1072,100,56,94,100,96,1011,100,59,75,100,79,292,206,23,22,1889,100,32,73,100,75,1826,2266,1.20,87,94,81,157,64,70,70,207,49,27,27,414,98,142,53,69,57,568,100,106,75,100,78,1637,100,37,1770,12,4,58,0,0,3160,78,15,8,10,5,325,99,96,0,1,6,53,99,100,100,99,98,435,100,20,0,0,9,49,100,100,100,100,100
slems97,0,297,202,21,20,1352,100,44,36,100,40,649,97,91,30,59,33,2291,100,26,59,100,67,2178,100,28,25,100,36,1659,81,30,23,24,26,292,206,23,22,1983,100,30,66,100,69,2809,1139,1.90,37,15,6,182,55,34,34,202,50,31,32,394,98,149,68,69,70,527,98,111,84,75,84,1522,100,39,1569,100,38,69,100,75,1756,98,33,73,89,79,342,94,93,2,4,3,37,56,20,26,79,30,399,99,20,0,2,7,73,22,100,100,13,31
slems88,1,350,171,10,9,1439,99,41,29,83,32,659,100,91,28,100,33,3533,70,12,14,3,6,2610,100,23,9,100,20,1444,89,30,37,45,27,322,186,14,13,2393,100,25,42,100,45,2813,1369,1.40,37,26,50,155,65,72,72,179,56,66,66,564,100,106,7,100,9,781,92,68,25,24,20,1472,100,41,1284,97,45,84,76,85,1670,86,29,80,26,62,343,95,92,4,2,3,37,65,13,11,96,38,445,99,18,2,0,6,41,22,14,15,100,17
slems72,1,376,160,6,5,1569,75,29,20,0,7,714,97,80,18,59,18,2045,100,29,74,100,79,2805,70,15,6,4,3,1056,56,30,71,0,26,307,195,18,17,3690,85,15,5,7,3,6953,1723,1.10,3,55,93,201,50,16,16,193,52,45,42,496,98,119,19,69,19,756,98,78,29,75,33,3363,95,17,1292,91,40,84,46,77,1780,98,33,70,89,78,434,95,96,0,6,5,7,65,100,100,56,74,512,100,20,0,0,9,12,100,100,100,100,100
slems81,0,401,150,4,3,1681,97,35,15,60,15,608,97,97,41,59,44,1982,95,29,78,66,78,1513,90,32,69,42,52,1862,94,31,15,65,29,271,222,40,39,1943,100,31,69,100,71,4114,1400,1.80,11,30,14,179,56,38,35,211,48,23,21,437,88,124,42,8,28,613,99,97,63,91,67,1597,100,38,1713,97,34,62,76,68,1563,98,38,86,89,88,370,87,87,8,7,2,22,9,3,3,46,8,534,100,19,1,0,6,7,42,26,27,100,26
slems01,0,319,188,14,13,1509,97,38,24,60,23,605,97,97,42,59,44,2230,100,27,64,100,70,1359,80,36,81,13,64,1473,53,21,35,0,8,313,191,16,15,1266,100,47,99,100,99,3470,986,1.30,18,9,69,163,62,60,60,180,56,65,64,449,98,131,38,69,40,662,91,84,50,17,44,1226,85,36,1266,84,36,85,34,70,1649,94,34,82,49,81,353,98,95,1,2,4,31,92,50,44,96,49,443,100,20,0,1,7,43,42,100,100,29,42
slems62,0,276,218,36,35,1010,94,57,74,21,70,571,100,105,57,100,65,2008,95,27,77,66,71,1919,100,31,39,100,50,1216,78,35,55,21,39,285,210,28,27,2103,100,29,58,100,62,2459,960,1.90,54,9,8,178,57,38,40,166,61,81,81,389,98,151,69,69,71,599,99,99,67,91,72,1339,100,45,1752,75,23,60,16,33,1670,81,29,80,18,62,319,97,96,0,4,5,58,85,100,100,79,86,447,100,20,0,0,9,40,100,100,100,100,100
slems134,1,271,221,40,39,1287,96,45,44,36,43,970,100,62,3,100,5,2974,100,20,29,100,36,1976,85,20,35,22,12,1508,92,36,33,56,40,291,206,24,23,2670,100,22,28,100,34,3042,1473,1.50,27,36,38,193,52,24,23,191,53,47,46,492,95,118,20,44,18,843,91,61,17,17,11,2079,90,26,3447,91,16,2,46,10,2966,86,15,11,26,5,428,82,78,17,4,2,8,3,0,1,79,8,466,100,20,0,0,9,28,100,100,100,100,100
slems139,1,371,162,6,5,1445,97,40,29,60,27,557,94,99,65,29,48,2045,100,29,74,100,79,1772,90,25,47,42,26,1215,97,49,55,83,62,271,222,40,39,2936,95,20,17,44,16,4707,1546,1.60,7,41,30,182,55,33,33,200,50,34,35,405,98,144,60,69,60,685,94,84,44,33,44,1759,95,33,1793,91,26,56,46,46,1951,92,28,57,43,55,380,91,93,3,8,2,18,27,20,17,37,18,368,100,20,0,0,9,91,100,100,100,100,100
slems142,1,306,196,19,18,1645,96,35,16,36,16,741,91,74,15,15,11,2021,100,30,75,100,80,1317,50,23,84,0,20,1513,72,28,33,14,23,308,195,18,17,2279,95,25,46,44,44,3456,700,1.70,19,2,20,173,58,46,45,220,46,17,17,604,95,94,4,44,4,891,95,64,12,45,14,795,50,32,2235,28,7,32,0,0,1861,72,23,63,6,30,370,99,96,0,1,6,22,99,100,100,99,98,544,100,20,0,0,9,6,100,100,100,100,100
